index,x1,x2,x3,x4,y
1,0.935019133,4.638424283,-4.898743331,-0.401949273,13.11535755
2,0.681647785,5.579980347,-4.880013266,-0.463971024,2.687092765
3,0.509189812,5.647152644,-4.990919067,-0.438627966,-2.70781017
4,0.485166451,5.849231443,-4.741957993,-0.416480258,-3.982740416
5,0.86065183,4.321049929,-4.906270336,-0.427894591,11.8323616
6,0.017688335,4.008742074,-4.667013911,-0.423809377,-12.47135991
7,0.104605082,4.289927186,-4.551822496,-0.447572455,-10.68675083
8,0.277013149,5.467876724,-4.851770316,-0.495293521,-9.113119123
9,0.223301092,4.797196094,-4.922182936,-0.493946803,-8.726386801
10,0.272965844,4.452382283,-4.796476549,-0.455679505,-6.17303479
11,0.880689016,4.921770903,-4.671163267,-0.403074186,10.68081771
12,0.912042437,4.025470682,-4.759263208,-0.435092468,14.28949917
13,0.470455853,5.575710303,-4.973069044,-0.473438795,-3.655413021
14,0.782077878,5.871716069,-4.934597113,-0.408224769,4.819446239
15,0.737371566,4.807137022,-4.62000815,-0.42573767,6.733160512
16,0.049113183,4.238182165,-4.561809987,-0.488754772,-12.20238848
17,0.802440348,5.94600005,-4.576555759,-0.402027084,5.279696439
18,0.512770151,5.817495802,-4.914656672,-0.401019409,-3.092416164
19,0.40289217,5.617632038,-4.966817324,-0.446211973,-5.804115683
20,0.031328605,5.119028459,-4.751912288,-0.431020276,-15.41071172
21,0.409273938,5.260883853,-4.679502067,-0.480083218,-4.488342157
22,0.061172217,5.89400513,-4.831339871,-0.47241452,-16.86035832
23,0.003825016,4.028657441,-4.958286026,-0.455647932,-13.00844385
24,0.983532958,5.007348763,-4.852860259,-0.464465587,13.46692384
25,0.710575592,4.36655101,-4.584076831,-0.439627267,7.256836627
26,0.75461585,5.858670428,-4.528420327,-0.493190289,4.107461125
27,0.650087203,4.058669074,-4.888008299,-0.493204814,6.299686731
28,0.581216669,5.381928295,-4.987700353,-0.429764533,0.25019866
29,0.509894234,5.554152242,-4.514496829,-0.478519305,-2.316380989
30,0.748264634,4.09767878,-4.933945017,-0.426292463,9.125484434
31,0.795862094,4.611970273,-4.730534998,-0.426976718,9.051147343
32,0.220586442,5.935706337,-4.85972349,-0.404388204,-12.20190926
33,0.324475441,5.421620162,-4.683124332,-0.448957841,-7.512117914
34,0.837238515,4.204554492,-4.963436464,-0.490419822,11.4617627
35,0.216338281,5.266251485,-4.741662926,-0.437289241,-10.30066753
36,0.923189947,5.669958379,-4.870903781,-0.466149597,9.665027569
37,0.138265233,4.014873468,-4.588922666,-0.460764389,-8.860524395
38,0.867854627,5.566848307,-4.694536083,-0.467129302,8.349473731
39,0.89631192,5.37891744,-4.6132389,-0.403381963,9.789619302
40,0.408240391,5.064425586,-4.672801406,-0.448373,-3.925462625
41,0.443195589,4.980293093,-4.785463206,-0.475604859,-2.649664746
42,0.78385454,4.06986056,-4.725100413,-0.431048724,10.31792956
43,0.767471116,4.503872207,-4.988280852,-0.43746545,8.471114152
44,0.495130931,4.208853635,-4.512436736,-0.48153616,1.276726061
45,0.890113448,4.561726908,-4.556785755,-0.430070415,12.06385852
46,0.663951656,5.469659995,-4.91494746,-0.409163184,2.485663885
47,0.758844967,5.060105716,-4.847488679,-0.495304632,6.566003668
48,0.533958571,5.265190233,-4.746194003,-0.467554297,-0.772807812
49,0.60476338,4.288541279,-4.883999343,-0.408772893,4.259600414
50,0.139370069,5.611623262,-4.910656968,-0.466159133,-13.68251503
51,0.030566125,5.396272727,-4.751183571,-0.423490814,-16.26442024
52,0.778612484,5.338222762,-4.996056693,-0.449431304,6.29955178
53,0.247492377,5.726443102,-4.871031977,-0.443783327,-10.77314274
54,0.31141125,5.864535886,-4.851540772,-0.431872255,-9.264765551
55,0.993064238,5.791686881,-4.770379443,-0.401111759,11.42267944
56,0.502437148,4.196734132,-4.738950343,-0.457722929,1.489349677
57,0.156000415,5.182171264,-4.883301222,-0.406145788,-11.88377618
58,0.572135247,4.699859482,-4.67137005,-0.461603331,2.084044624
59,0.281571658,5.371299463,-4.893033348,-0.464334615,-8.691788789
60,0.114737619,4.685671748,-4.864629782,-0.414105693,-11.6292232
61,0.34393769,5.657924072,-4.564303177,-0.434317543,-7.611933896
62,0.030951707,4.013743485,-4.984151584,-0.433177765,-12.15282734
63,0.050520511,4.086035237,-4.583906284,-0.495848843,-11.70885651
64,0.798705704,5.305866201,-4.74278749,-0.467843324,7.048230687
65,0.874426052,5.124373596,-4.597638935,-0.444457869,9.895687184
66,0.301462522,4.467588528,-4.807622748,-0.4850865,-5.368923122
67,0.016219333,5.141570234,-4.967281172,-0.490514351,-15.98063838
68,0.292501684,4.735879927,-4.951275173,-0.449331886,-6.467777469
69,0.165433282,5.128341833,-4.549945915,-0.437228192,-11.37573904
70,0.320525767,4.256897922,-4.811433608,-0.441075004,-4.161314969
71,0.785907347,5.863891576,-4.761381691,-0.424910839,4.99077827
72,0.202853736,4.414718176,-4.991065094,-0.483215542,-8.205077028
73,0.932249756,4.020287565,-4.821968846,-0.402112562,14.90202496
74,0.34902142,5.025855213,-4.702439166,-0.42775613,-5.590186481
75,0.69821248,5.477234892,-4.908254749,-0.498841803,3.483134605
76,0.60960296,5.774810588,-4.638362377,-0.467407883,-0.010756215
77,0.192927596,5.886072573,-4.876500261,-0.454606522,-12.89115053
78,0.348938179,5.582275904,-4.591233698,-0.462772739,-7.24320637
79,0.516877727,5.671144884,-4.869822722,-0.421666748,-2.523234069
80,0.697749043,5.106864711,-4.911553048,-0.414189551,4.588147603
81,0.645370838,5.255475901,-4.649487711,-0.496490294,2.615150864
82,0.450827206,5.613164352,-4.596269407,-0.499117682,-4.283842512
83,0.217815173,5.017962848,-4.550086633,-0.414136501,-9.470864322
84,0.224631541,5.306225076,-4.926248543,-0.446566477,-10.20963535
85,0.197519446,4.977475596,-4.935522503,-0.48554647,-10.04250255
86,0.103695061,5.370107335,-4.981641674,-0.43933067,-14.03973158
87,0.191533743,5.963863263,-4.740611219,-0.407406736,-13.1344404
88,0.458663365,4.271301862,-4.583438348,-0.474959018,-0.018188206
89,0.742292423,4.166959273,-4.689697988,-0.439556399,8.785999644
90,0.358247461,5.295402625,-4.569976579,-0.406109952,-6.093390349
91,0.310941901,4.931074962,-4.526887968,-0.426283929,-6.412973841
92,0.038193001,4.692230388,-4.612122089,-0.435535066,-13.89687905
93,0.034574585,5.409905847,-4.726219406,-0.488353409,-16.18655922
94,0.6243528,5.419830858,-4.87435221,-0.451518779,1.451069109
95,0.156103252,5.345362468,-4.700301044,-0.480313272,-12.34108137
96,0.413011315,5.380607708,-4.886238906,-0.484596484,-4.777191108
97,0.144694071,5.87329373,-4.956813194,-0.429170254,-14.31333872
98,0.453596924,4.240584422,-4.769729728,-0.405806352,-0.10837212
99,0.717560814,5.988976208,-4.974968732,-0.447162279,2.520185825
100,0.964034393,5.444457444,-4.511099813,-0.405833363,11.64485615
101,0.003057149,5.447801335,-4.759810697,-0.419021275,-17.24555379
102,0.307344939,4.775153785,-4.824686751,-0.474359102,-6.117486455
103,0.093138504,4.741226158,-4.706914264,-0.467427016,-12.4176489
104,0.05622425,4.186321627,-4.61271453,-0.44859023,-11.8396393
105,0.020023575,5.745245472,-4.902383969,-0.492039064,-17.66470986
106,0.496539843,4.293209417,-4.746447009,-0.451104825,1.022167169
107,0.998521221,5.069988817,-4.585443845,-0.402630057,13.78831841
108,0.035471759,4.714025813,-4.78770244,-0.411166159,-14.07658178
109,0.693043124,5.658673322,-4.991021199,-0.462613915,2.770808131
110,0.035217518,4.952690246,-4.917729239,-0.417532468,-14.82684428
111,0.500104607,4.922828449,-4.763783481,-0.485959167,-0.766699764
112,0.000237217,4.230160281,-4.810089987,-0.432466854,-13.688629
113,0.707650107,5.622274571,-4.586084046,-0.415977897,3.403864893
114,0.574578988,4.984342804,-4.630878218,-0.458525537,1.312313019
115,0.03972129,5.964516028,-4.641301281,-0.435839766,-17.67375361
116,0.740124836,4.068330111,-4.663428216,-0.434557809,9.022613327
117,0.896355572,4.834059609,-4.803899126,-0.41113787,11.38659472
118,0.351075813,4.807260908,-4.545947952,-0.491298128,-4.847827735
119,0.163762903,5.526222661,-4.665380162,-0.434736658,-12.64233058
120,0.238585188,5.300809946,-4.690854769,-0.468603065,-9.729905472
121,0.489805297,5.476135326,-4.52211462,-0.476997894,-2.686369785
122,0.763714021,4.858970892,-4.899825237,-0.475406967,7.307002203
123,0.263225306,5.35984757,-4.742296463,-0.462994049,-9.177542215
124,0.2495888,5.56331808,-4.695001369,-0.401096588,-10.18140017
125,0.963134248,4.389485081,-4.75681194,-0.468646673,14.72734514
126,0.555329389,5.436146339,-4.738982469,-0.418480062,-0.638201844
127,0.446798109,5.964051028,-4.696479252,-0.406048881,-5.468110563
128,0.636136393,5.297179664,-4.652980242,-0.458571988,2.216099541
129,0.869368433,4.188659542,-4.531499931,-0.469592135,12.56181517
130,0.739443404,5.095342482,-4.504825532,-0.47535552,5.948774026
131,0.165943952,4.720987482,-4.612238875,-0.450171753,-10.15210883
132,0.820793524,4.608225957,-4.954776303,-0.428949784,9.765277598
133,0.265788987,4.430537054,-4.560361316,-0.463905457,-6.276404371
134,0.498433428,4.999427241,-4.546629822,-0.449781283,-0.999582983
135,0.452368527,5.879275434,-4.994874047,-0.432400451,-5.108985358
136,0.634529443,4.009254863,-4.942235646,-0.489153498,5.970756212
137,0.983823868,4.581195783,-4.736144576,-0.489026334,14.77499715
138,0.239365204,4.750215877,-4.950259573,-0.463805835,-8.106124005
139,0.159628499,4.598779362,-4.92148,-0.406159075,-10.03239501
140,0.194239021,4.22617131,-4.785458578,-0.460273296,-7.854462354
141,0.968257262,4.106494147,-4.991291866,-0.413952868,15.68858176
142,0.842254167,5.612882862,-4.763563653,-0.465184282,7.429745268
143,0.637536251,4.743686555,-4.591187527,-0.406213207,3.936169052
144,0.843527651,5.607312311,-4.514716914,-0.472008319,7.533748382
145,0.011688771,5.297899957,-4.802816215,-0.486532333,-16.55225323
146,0.382246351,5.766420233,-4.928214201,-0.481918848,-6.865704896
147,0.347823263,4.979054,-4.655651896,-0.491211754,-5.482715653
148,0.683902958,4.56264596,-4.713075385,-0.469937568,5.83954204
149,0.252813605,4.669160087,-4.826089892,-0.428697365,-7.431159818
150,0.768138795,5.426623784,-4.527509385,-0.488706088,5.809920027
151,0.048855035,5.580502692,-4.922279852,-0.46147773,-16.30646076
152,0.871596651,5.328738397,-4.929280716,-0.452383904,9.130589816
153,0.385090945,5.333438874,-4.900455785,-0.413284817,-5.469007906
154,0.323158056,4.381702269,-4.737061165,-0.464467154,-4.444224088
155,0.320768145,5.660465577,-4.520869872,-0.470822629,-8.309608632
156,0.70465339,4.843940709,-4.694750012,-0.452889485,5.623540628
157,0.100428629,5.681159462,-4.620086232,-0.490658512,-15.0037026
158,0.391541319,5.625542074,-4.834493258,-0.450694051,-6.142354714
159,0.675784061,4.123933887,-4.827790536,-0.45503139,6.890658922
160,0.083894537,5.668222387,-4.528152007,-0.416341169,-15.43509556
161,0.656655089,5.68677612,-4.546398729,-0.470939598,1.682950595
162,0.409902879,4.61443623,-4.901641759,-0.483961412,-2.574946807
163,0.942938666,4.951273362,-4.98738274,-0.478587666,12.38900457
164,0.776935839,4.512307636,-4.87084542,-0.453589701,8.751624221
165,0.919135677,4.935911049,-4.998789132,-0.488170118,11.71776233
166,0.86793188,4.476737785,-4.967455789,-0.475830229,11.56666887
167,0.748094006,5.546047767,-4.570435682,-0.483568857,4.842232851
168,0.637053556,4.842522311,-4.802071918,-0.464459186,3.577179454
169,0.850308615,4.306849038,-4.971547678,-0.465353957,11.54786639
170,0.491942229,5.958337553,-4.951589895,-0.411818665,-4.148245621
171,0.658793312,5.882924502,-4.744710289,-0.481522455,1.117931555
172,0.320031785,5.875151264,-4.637460544,-0.440049347,-8.995997279
173,0.877205283,5.020939543,-4.60228655,-0.474174358,10.28546511
174,0.037663559,5.067793312,-4.951643574,-0.405647835,-15.10436666
175,0.236684772,5.737647587,-4.565821597,-0.454583811,-11.07102231
176,0.532159761,4.770364079,-4.970728327,-0.427079539,0.616846965
177,0.697697553,4.003532647,-4.568344334,-0.453966868,7.961263107
178,0.079550482,4.171883944,-4.729857791,-0.46042105,-11.12115105
179,0.360777971,5.063001414,-4.57554943,-0.46541183,-5.327316187
180,0.320837673,5.416418291,-4.74059431,-0.420388003,-7.614282334
181,0.317852848,5.464957767,-4.888255206,-0.448028608,-7.88174175
182,0.059037924,4.982633061,-4.740863833,-0.470638037,-14.17199802
183,0.506669571,4.040856222,-4.590021318,-0.473433374,2.112170848
184,0.249673943,5.505965773,-4.890879647,-0.40685883,-10.04654084
185,0.533151059,5.430942692,-4.575173042,-0.495909686,-1.262921868
186,0.322663604,4.972113208,-4.856917039,-0.496644464,-6.257479345
187,0.406589401,4.629634652,-4.632933117,-0.457560763,-2.663564637
188,0.900337088,5.673223684,-4.771399245,-0.428830909,8.99327864
189,0.754933567,4.359793278,-4.953806447,-0.455161991,8.532349694
190,0.224778886,4.724625949,-4.521089258,-0.459704803,-8.380699585
191,0.630660793,4.162363122,-4.581186516,-0.452610701,5.471236057
192,0.765890209,5.369557974,-4.561610905,-0.431720955,5.912538066
193,0.750726354,4.723058983,-4.525661095,-0.478863282,7.399595132
194,0.954533382,5.759991318,-4.927790227,-0.488849089,10.32158455
195,0.207814947,5.136777464,-4.839375459,-0.400993529,-10.18385843
196,0.328957139,5.670658146,-4.519167693,-0.43747914,-8.090841732
197,0.775232285,4.60636331,-4.944029679,-0.446205336,8.404452158
198,0.169393855,4.890242594,-4.809386306,-0.453981229,-10.5961875
199,0.39818423,4.934074065,-4.671062325,-0.416542187,-3.832561973
200,0.369773813,4.880096529,-4.971981006,-0.43831861,-4.585303257
201,0.282194778,4.38542109,-4.728261337,-0.490986854,-5.685170871
202,0.142959975,4.700308356,-4.892498846,-0.433314447,-10.83395702
203,0.672661604,4.135742197,-4.62637401,-0.43419124,6.8039276
204,0.445416188,4.710848853,-4.542502916,-0.475418834,-1.726103382
205,0.1296973,5.821494617,-4.556114044,-0.475467847,-14.53233445
206,0.746135524,4.486879233,-4.59086473,-0.467632623,7.958491809
207,0.357389709,4.264953977,-4.711879373,-0.479485149,-3.063495039
208,0.344318724,5.602131988,-4.537979047,-0.481005346,-7.432530602
209,0.617762936,4.141490468,-4.82885275,-0.485074345,5.09413869
210,0.71931449,5.158442132,-4.721442984,-0.428773515,5.116942365
211,0.401350987,4.79580632,-4.501778474,-0.436585991,-3.290903636
212,0.191455079,4.864307364,-4.667659265,-0.404291151,-9.823230685
213,0.573033163,5.334232034,-4.958441504,-0.422660954,0.15434439
214,0.729227171,5.822735057,-4.57654337,-0.47451796,3.445849486
215,0.604025316,5.039449895,-4.870501147,-0.479182123,1.980391351
216,0.204644022,4.362805101,-4.716058186,-0.475980905,-7.939904374
217,0.22970208,5.728971865,-4.595247162,-0.406466866,-11.2555493
218,0.45993592,5.122535505,-4.936375725,-0.438408065,-2.600644857
219,0.344896988,4.916080823,-4.862149517,-0.492677153,-5.423030442
220,0.941309466,4.557379189,-4.733375772,-0.42390392,13.57808086
221,0.117922501,4.397613985,-4.827942452,-0.491321463,-10.66988756
222,0.103716843,5.121253153,-4.674372545,-0.438449025,-13.23097359
223,0.90099751,5.600179812,-4.811449117,-0.414103614,9.225685679
224,0.816013799,4.882206251,-4.512204802,-0.445169993,8.886837252
225,0.042206488,5.586183714,-4.667821929,-0.406829892,-16.46660388
226,0.476883378,5.881439339,-4.548790753,-0.405029022,-4.288077738
227,0.572332536,5.866276529,-4.595438093,-0.418637119,-1.38980483
228,0.245057012,5.957687387,-4.755140751,-0.419584401,-11.51433839
229,0.924359046,4.993971513,-4.699609148,-0.412327987,11.76770223
230,0.466013308,5.415361216,-4.998609738,-0.498851704,-3.315291526
231,0.683556069,5.876946338,-4.911172238,-0.473654413,1.84624316
232,0.349556714,4.973144518,-4.571610715,-0.422935009,-5.38934779
233,0.217132944,5.601015792,-4.770348053,-0.496205229,-11.29274918
234,0.262730655,4.786512672,-4.724268399,-0.429461919,-7.465418243
235,0.789342411,4.531921809,-4.725130019,-0.440025962,9.0954783
236,0.70649267,5.645667329,-4.512104943,-0.437101433,3.311646994
237,0.723585734,5.90638701,-4.790867982,-0.432498327,2.986987565
238,0.093981287,5.96316422,-4.817597403,-0.480224826,-16.08159601
239,0.258020986,5.781055496,-4.557471813,-0.431883962,-10.55721968
240,0.855853479,4.613392566,-4.709973187,-0.430782037,10.85035382
241,0.335663243,5.574835629,-4.524523486,-0.408670246,-7.600381309
242,0.836748733,4.73553305,-4.535056002,-0.460260916,9.94282555
243,0.07856653,4.019696051,-4.823807067,-0.460301169,-10.71288378
244,0.714660372,5.508988711,-4.554167868,-0.451785923,3.956832863
245,0.09692193,5.238039241,-4.721036246,-0.415466736,-13.79221375
246,0.761509544,4.18245399,-4.992419472,-0.405220898,9.25891836
247,0.904281925,4.558030936,-4.746069592,-0.483390726,12.45681195
248,0.74837942,4.00150688,-4.810207479,-0.475554586,9.437265011
249,0.881090524,5.684801209,-4.660558334,-0.462871351,8.399913286
250,0.650653328,4.639619122,-4.829960933,-0.487922257,4.585958074
251,0.74092821,5.963301261,-4.941598005,-0.444178891,3.305205021
252,0.423096264,4.945838793,-4.758862641,-0.494911118,-3.145892092
253,0.083407517,5.392186298,-4.755698121,-0.468758458,-14.67234887
254,0.182314596,5.605130864,-4.61165619,-0.473993451,-12.31568529
255,0.787166836,4.405098663,-4.742353964,-0.435097974,9.407728508
256,0.578703705,4.651663905,-4.674287847,-0.45728112,2.42553374
257,0.240371217,4.550293399,-4.804401349,-0.46523357,-7.447147326
258,0.209481328,4.146968763,-4.851881082,-0.495792809,-7.176421957
259,0.964999542,5.205115022,-4.754120448,-0.424599422,12.34135716
260,0.436417539,4.222818192,-4.546827558,-0.483600944,-0.533654021
261,0.45724567,4.910517721,-4.990779576,-0.493201631,-2.061659131
262,0.87526586,4.022285793,-4.810136632,-0.448767038,13.1842144
263,0.684031088,4.933564784,-4.708815138,-0.431375949,4.735337662
264,0.491002501,5.882279074,-4.6701897,-0.424350312,-3.893235166
265,0.921398712,5.949724505,-4.984389116,-0.421943306,8.7537157
266,0.02835412,4.111069123,-4.609754365,-0.435161393,-12.44805077
267,0.138383789,4.542749258,-4.748335966,-0.489042385,-10.47530554
268,0.400845353,5.571602068,-4.656103823,-0.439823481,-5.664648733
269,0.28355881,4.323416527,-4.90634821,-0.422161828,-5.486971122
270,0.689545668,4.219613325,-4.544619539,-0.44226672,7.07437947
271,0.889555612,4.284138152,-4.627262929,-0.420675008,12.86673383
272,0.989820869,5.452801955,-4.959569674,-0.472676007,12.29703868
273,0.295334167,5.599858157,-4.922186644,-0.419195648,-8.96590635
274,0.231541564,4.619295134,-4.923484092,-0.460969893,-7.942432289
275,0.127129047,5.379265584,-4.537786912,-0.488700353,-13.28035275
276,0.130400447,5.736209123,-4.515811803,-0.451488422,-14.24492516
277,0.487807115,5.497137014,-4.78485689,-0.496347642,-2.863803724
278,0.368019643,4.131888106,-4.848843865,-0.480594905,-2.372903295
279,0.982727033,4.009634193,-4.897496635,-0.457836029,16.42762548
280,0.448430085,5.774300507,-4.979292841,-0.484860913,-4.914343635
281,0.900625121,4.034840748,-4.595251494,-0.490619857,13.9461191
282,0.503365921,4.314210618,-4.998729246,-0.428245661,1.115775358
283,0.11510664,5.2644272,-4.898423325,-0.419632429,-13.3617303
284,0.230709266,5.925385454,-4.582931664,-0.459095888,-11.81737431
285,0.7327452,4.648158689,-4.720096904,-0.456828556,7.048177685
286,0.380480966,4.993158947,-4.820482771,-0.413096669,-4.570454076
287,0.709501178,5.48976929,-4.998060799,-0.447956358,3.771319671
288,0.801423238,4.256945187,-4.566668015,-0.407907373,10.31773724
289,0.302375813,4.02831708,-4.594975216,-0.482651853,-3.980937068
290,0.946811969,4.232514064,-4.922796536,-0.425035634,14.67975401
291,0.121737646,4.255087164,-4.594677695,-0.409604273,-10.07302808
292,0.347179198,4.572831045,-4.936347473,-0.49636279,-4.340022957
293,0.676442953,5.716315192,-4.75577793,-0.401931586,2.152994266
294,0.397066136,4.653878386,-4.98012338,-0.463062139,-3.091981964
295,0.866983507,5.951425185,-4.98655497,-0.403133947,7.117605265
296,0.411471116,4.213472064,-4.839798281,-0.479093213,-1.312151699
297,0.395405026,4.591733715,-4.659684842,-0.416173805,-2.886604722
298,0.397897595,5.329088988,-4.611342389,-0.453927898,-5.018000369
299,0.30853572,4.842395702,-4.678468005,-0.43262914,-6.250072022
300,0.200048888,5.181058784,-4.970757923,-0.406846732,-10.57654598
301,0.61478372,5.132931373,-4.995700138,-0.413779574,2.004199494
302,0.088190254,5.890909731,-4.87726784,-0.487514028,-16.05122654
303,0.899755066,5.658772439,-4.651986015,-0.453290621,9.040608411
304,0.35380079,4.538935364,-4.752378771,-0.465192732,-3.999777404
305,0.65960984,5.437795382,-4.937291655,-0.43733312,2.443717425
306,0.659942689,4.495917746,-4.580390908,-0.436683928,5.350780848
307,0.830080865,5.380099002,-4.652511498,-0.465800598,7.785046572
308,0.502228343,4.572154669,-4.746273278,-0.470698783,0.354061758
309,0.461594363,4.67970978,-4.74635871,-0.445483996,-1.185118598
310,0.954907952,5.139756508,-4.985932943,-0.418295795,12.18895287
311,0.841684946,5.749977575,-4.788380365,-0.454371413,6.997502451
312,0.936521705,4.845937183,-4.836179066,-0.428122596,12.54779153
313,0.98199062,4.21226904,-4.95232707,-0.430100066,15.78943607
314,0.033856123,5.138663257,-4.80503189,-0.422044006,-15.40351687
315,0.58227616,5.892552243,-4.97420991,-0.420881411,-1.24630205
316,0.651555568,4.339632418,-4.73018109,-0.43160688,5.538572891
317,0.09017393,5.392384633,-4.516530334,-0.400002133,-14.41524229
318,0.863258282,5.990722057,-4.988322249,-0.43827488,6.884090354
319,0.870898708,5.12420921,-4.515875531,-0.4245888,9.808699617
320,0.543517216,5.78850688,-4.913305276,-0.409172938,-2.083582504
321,0.934437089,4.825989268,-4.843693315,-0.405499646,12.54585625
322,0.851038386,5.922927562,-4.854928426,-0.403554243,6.751027795
323,0.477585013,5.053607094,-4.893431495,-0.487975488,-1.860754746
324,0.594392648,5.667971041,-4.80810732,-0.440908349,-0.177845986
325,0.837353923,5.748552194,-4.757725251,-0.419756038,6.881440444
326,0.089938966,5.325577705,-4.546957707,-0.460205539,-14.23397623
327,0.154580406,5.754753537,-4.861803299,-0.491781206,-13.64838722
328,0.35775575,4.328702851,-4.663626165,-0.479955462,-3.234156844
329,0.396085791,5.365577519,-4.925742996,-0.466464887,-5.245953925
330,0.871001169,4.217315329,-4.645973329,-0.427583117,12.5061361
331,0.576243412,5.234998404,-4.662949399,-0.466470659,0.603070197
332,0.966137753,5.562417625,-4.953123117,-0.496894257,11.25656565
333,0.352485832,5.816649805,-4.895560953,-0.447896991,-7.899276339
334,0.357450992,5.357395719,-4.988789591,-0.434674867,-6.389882792
335,0.07257655,5.361766358,-4.925505296,-0.486848696,-14.94178852
336,0.719447027,4.142099635,-4.609808903,-0.402141008,8.19493602
337,0.490863386,5.268852565,-4.76181471,-0.486319863,-2.081651043
338,0.305280685,5.53211933,-4.511593114,-0.427929273,-8.383048993
339,0.875358255,5.488535112,-4.769789034,-0.414370575,8.799747444
340,0.109764727,4.431883806,-4.8907119,-0.437020357,-11.02455403
341,0.253237418,4.75442396,-4.657255676,-0.417947695,-7.63939523
342,0.492129381,5.995405298,-4.551577969,-0.482016089,-4.180851661
343,0.88776786,5.974566955,-4.659724041,-0.432854277,7.734104695
344,0.155138848,5.461474982,-4.544694542,-0.42189627,-12.68138804
345,0.16379892,5.861307194,-4.646338102,-0.452932793,-13.64451488
346,0.084726892,4.002145274,-4.794276952,-0.452798278,-10.46876429
347,0.675646732,4.624351951,-4.894302446,-0.403360203,5.377149604
348,0.796462615,5.058926805,-4.912440937,-0.424512701,7.692158565
349,0.613284105,4.699981935,-4.888891519,-0.480221557,3.272776892
350,0.717937856,5.514478869,-4.83947068,-0.481736005,3.978631334
351,0.443120153,4.944802092,-4.88546222,-0.430762276,-2.560970344
352,0.941297516,5.143322352,-4.72324733,-0.404214651,11.82388751
353,0.686552815,5.481969036,-4.938576095,-0.424669026,3.120495216
354,0.648960911,4.480023056,-4.764468741,-0.462670913,5.029597326
355,0.202899299,4.200207326,-4.977143339,-0.423078033,-7.551379475
356,0.201033969,5.377439728,-4.723485167,-0.43619654,-11.0896168
357,0.676820154,4.023761458,-4.901402136,-0.480038796,7.205035924
358,0.248815417,5.33457402,-4.799826235,-0.433328084,-9.542557601
359,0.122878003,4.50092476,-4.524472474,-0.438431609,-10.76517185
360,0.077688281,4.841479518,-4.882715273,-0.454390027,-13.2157722
361,0.68011326,5.679815969,-4.543339485,-0.451835157,2.41009847
362,0.887887755,5.67400576,-4.991706413,-0.446370617,8.571637021
363,0.285656825,5.764870314,-4.718234552,-0.492660019,-9.717819091
364,0.526412086,5.944743059,-4.793211444,-0.407569932,-3.041265889
365,0.52208071,5.191018672,-4.885021773,-0.491937581,-0.936832844
366,0.207057323,4.443131461,-4.689230697,-0.491403026,-8.104661145
367,0.089605105,5.05201419,-4.932285229,-0.451653914,-13.49951186
368,0.368002808,5.947190239,-4.561527195,-0.411610994,-7.754953023
369,0.653982753,4.800933529,-4.899169247,-0.440794916,4.192768648
370,0.442161041,5.410868446,-4.875809573,-0.497238644,-3.992659887
371,0.935627407,4.993385896,-4.733095838,-0.40540566,12.1015048
372,0.269345645,5.700333617,-4.886912694,-0.423047897,-10.04031884
373,0.091497499,5.851810578,-4.869178285,-0.441813543,-15.82852378
374,0.60800628,4.622465814,-4.810316876,-0.484863424,3.362241251
375,0.016147991,5.262983961,-4.741238047,-0.488862678,-16.30164602
376,0.084781135,4.479985425,-4.915946486,-0.440304511,-11.92374196
377,0.350480995,5.900576718,-4.739568973,-0.450476357,-8.180261741
378,0.151962884,4.880255022,-4.820466965,-0.450986009,-11.09107054
379,0.280427272,5.073233779,-4.538497061,-0.419025912,-7.756485169
380,0.124259154,5.906283195,-4.575731034,-0.449601888,-14.95118135
381,0.635593437,5.874816769,-4.716070575,-0.437933296,0.456345353
382,0.748676158,4.041787768,-4.794972464,-0.425498642,9.333377089
383,0.126495579,4.772601393,-4.996075564,-0.444482862,-11.56660019
384,0.168032095,5.701230615,-4.565254359,-0.485862689,-13.02436614
385,0.047062887,4.055181086,-4.638036507,-0.439000151,-11.72516398
386,0.638853609,5.360228477,-4.99756285,-0.413087845,2.0441015
387,0.596762313,4.509220612,-4.826552678,-0.405094148,3.369387615
388,0.272756625,4.505747072,-4.806404489,-0.460390031,-6.34186237
389,0.994306551,5.933684755,-4.629564113,-0.425555334,11.05967392
390,0.163742288,5.037089407,-4.572946209,-0.46217669,-11.15980648
391,0.544267144,4.161483136,-4.741220274,-0.466315844,2.848689273
392,0.350582222,5.87822975,-4.778511622,-0.45782527,-8.118707437
393,0.040807913,5.926636632,-4.652608764,-0.49550855,-17.53574512
394,0.139442639,5.641520696,-4.50418755,-0.494565068,-13.69157693
395,0.840489588,4.262194536,-4.649848521,-0.459185973,11.45221572
396,0.685415432,4.556439649,-4.931043612,-0.438372228,5.863098068
397,0.638846265,4.553326407,-4.79407594,-0.40382891,4.506210656
398,0.484681416,5.915382821,-4.539478911,-0.450870886,-4.158688866
399,0.566639684,5.771717647,-4.624893468,-0.483066012,-1.289247715
400,0.744139009,4.60049897,-4.668971786,-0.460974972,7.542781513
401,0.147681892,4.873242814,-4.507108888,-0.488509167,-11.13954436
402,0.886296897,5.545871831,-4.780943208,-0.488997246,8.946203064
403,0.764941309,4.572860877,-4.921600595,-0.408708759,8.204465641
404,0.846556018,4.488205976,-4.799096264,-0.430320017,10.92921137
405,0.021735861,5.881561954,-4.515331625,-0.452992858,-17.94097564
406,0.436227672,4.667092381,-4.756867801,-0.485625338,-1.914383068
407,0.250783795,5.058802896,-4.934735832,-0.481468861,-8.687988903
408,0.592017662,5.786868134,-4.741473307,-0.477166117,-0.596085821
409,0.376515886,5.336985138,-4.673957963,-0.432968719,-5.693567301
410,0.784762463,5.354588379,-4.873126919,-0.466366986,6.457846677
411,0.876170111,5.093938317,-4.795858304,-0.428154075,10.0013013
412,0.394557844,4.136379503,-4.546377756,-0.439511244,-1.525629877
413,0.524656589,4.326461449,-4.805350778,-0.475155134,1.75172765
414,0.949616316,4.36239749,-4.846177514,-0.449254308,14.38713606
415,0.475713271,4.824667301,-4.81531291,-0.474927352,-1.213159085
416,0.177972485,5.30647872,-4.923213893,-0.404118848,-11.60531628
417,0.098245038,4.069369453,-4.657641537,-0.466339044,-10.23891945
418,0.797133572,5.146092697,-4.85102187,-0.436230447,7.461901647
419,0.884734356,5.746116348,-4.888776806,-0.423427318,8.283583534
420,0.701475576,4.216564898,-4.977652342,-0.403812026,7.358660916
421,0.645409835,4.461601061,-4.90504129,-0.417297248,4.954753891
422,0.15332235,4.689548725,-4.640704608,-0.451353934,-10.44225199
423,0.842990006,4.877185508,-4.751027167,-0.436167633,9.664321464
424,0.24705046,5.258163854,-4.634680422,-0.482536739,-9.338167525
425,0.947940424,4.955474724,-4.841782919,-0.494275017,12.55400446
426,0.997174982,4.274018159,-4.596412725,-0.482185409,16.1256939
427,0.366775045,4.12809317,-4.860589931,-0.480996118,-2.401245764
428,0.433593663,5.416197415,-4.552656471,-0.405085043,-4.191822155
429,0.950677644,4.224892171,-4.600369443,-0.421229827,14.88345595
430,0.667142292,5.626411036,-4.677506411,-0.408265466,2.158707825
431,0.830433004,5.980786121,-4.694434107,-0.410707583,5.99067419
432,0.65246686,4.206526072,-4.779889485,-0.443353475,5.954114344
433,0.439431514,4.618183724,-4.8016946,-0.400364722,-1.671981146
434,0.385930314,4.514301874,-4.553663417,-0.431481238,-2.918877
435,0.694542602,5.440740427,-4.698998891,-0.453275028,3.528929495
436,0.888220824,5.340403873,-4.785387471,-0.455867088,9.622748902
437,0.503300879,4.654985532,-4.827742622,-0.496466329,0.118874631
438,0.164264696,5.741461812,-4.56052264,-0.466103845,-13.25515947
439,0.641975364,4.251865801,-4.82445345,-0.480967771,5.490676062
440,0.140081036,4.918418266,-4.802133099,-0.496921824,-11.56294253
441,0.484819109,5.716667267,-4.728376099,-0.400628229,-3.591166582
442,0.440528901,4.587023066,-4.921380173,-0.482325335,-1.577710746
443,0.911175871,4.051771938,-4.973939359,-0.489866919,14.13618576
444,0.494732522,5.656720103,-4.961911003,-0.409364075,-3.161503262
445,0.313675123,5.650861996,-4.984297151,-0.43643447,-8.58283518
446,0.000462669,4.17001109,-4.590115272,-0.493076983,-13.46348394
447,0.659382715,4.830069859,-4.790196396,-0.428918633,4.290340746
448,0.18226444,4.757712227,-4.803882743,-0.474054071,-9.813385423
449,0.235838959,5.136675658,-4.902162384,-0.44583059,-9.359873737
450,0.578413404,4.093084925,-4.959123065,-0.459448254,4.035377896
451,0.273285715,5.531448497,-4.706701307,-0.416214103,-9.378735701
452,0.849228519,4.78787366,-4.583255133,-0.465683646,10.15001521
453,0.477099615,4.674285074,-4.945531312,-0.443595485,-0.74333257
454,0.297866227,4.016596715,-4.535357778,-0.460712715,-4.06694616
455,0.134006403,4.350374155,-4.801170749,-0.400133889,-10.03117792
456,0.932212193,4.582877977,-4.799290909,-0.426077523,13.21526591
457,0.035278534,4.481889487,-4.557421692,-0.493649955,-13.34816177
458,0.684215024,5.021128818,-4.579663393,-0.4433582,4.50279578
459,0.105570784,5.956632861,-4.975739803,-0.402272623,-15.73815027
460,0.912807637,4.809698356,-4.627057806,-0.429461554,11.98677633
461,0.901076489,5.94067284,-4.66401686,-0.440597244,8.233413052
462,0.986340067,4.422709287,-4.687156145,-0.41321511,15.34332142
463,0.448569659,5.26813284,-4.909797911,-0.485455407,-3.377813879
464,0.644196145,4.649528216,-4.899767141,-0.441333954,4.353212879
465,0.994781845,5.026367968,-4.571101222,-0.457960508,13.80433514
466,0.846991717,4.301457613,-4.851559035,-0.422142854,11.49285258
467,0.484660049,4.54113243,-4.765640764,-0.449338635,-0.081657844
468,0.227478894,4.524536304,-4.607740658,-0.47457145,-7.718247364
469,0.696707207,4.987756953,-4.706002819,-0.492364669,4.947508334
470,0.133616729,5.340969477,-4.752429769,-0.441534938,-13.009046
471,0.439896758,5.029725934,-4.517658904,-0.434795377,-2.839286382
472,0.471003222,4.429472094,-4.867734246,-0.458891766,-0.177755639
473,0.233475311,4.704952547,-4.5331586,-0.48681762,-8.065911784
474,0.235152688,4.141073976,-4.644481935,-0.411353207,-6.338672986
475,0.671033361,5.029074051,-4.618221706,-0.409207737,4.079213557
476,0.586510792,4.526266336,-4.53972735,-0.49934038,3.058645255
477,0.098606143,5.990368902,-4.9102945,-0.473432296,-16.04232456
478,0.612035782,5.778489,-4.753704023,-0.436636636,0.031201996
479,0.482487124,4.960981904,-4.567241511,-0.467378196,-1.368518106
480,0.34303432,5.34525311,-4.520049141,-0.424379221,-6.691177468
481,0.555722181,4.314251372,-4.619934233,-0.438469349,2.761077536
482,0.587558836,5.48604591,-4.552082096,-0.438447069,0.214366214
483,0.566011802,5.391921322,-4.776442009,-0.474522311,-0.198150532
484,0.766392169,4.295691931,-4.68104697,-0.499562031,9.118523676
485,0.268380492,4.823133069,-4.955250961,-0.494833249,-7.458517965
486,0.562981333,5.106158502,-4.881471963,-0.483967859,0.546273314
487,0.616205842,5.282938641,-4.808103431,-0.45713172,1.630025484
488,0.223746495,5.941793937,-4.630721709,-0.451873885,-12.08431869
489,0.006649064,5.540085866,-4.63129008,-0.458794977,-17.39292318
490,0.080338537,5.173834237,-4.867910895,-0.458938244,-14.13082261
491,0.030772848,4.828273739,-4.802087127,-0.446204847,-14.56667369
492,0.233928464,5.120583834,-4.643052892,-0.490616136,-9.32156977
493,0.952152071,4.40664666,-4.614197611,-0.428051568,14.37897747
494,0.587634266,5.343489686,-4.738271289,-0.416389265,0.609265739
495,0.042826791,4.47066812,-4.752405283,-0.427519125,-13.12043361
496,0.137739491,4.807404311,-4.622256939,-0.456714248,-11.26015102
497,0.822538235,5.522924352,-4.664129476,-0.48328424,7.126219686
498,0.284881159,4.726392307,-4.836295895,-0.44825845,-6.644827172
499,0.086992406,5.130531803,-4.599936623,-0.492346461,-13.75104519
500,0.131365596,5.698598358,-4.62461732,-0.483635484,-14.12811421
501,0.91564546,5.546971948,-4.88567155,-0.411797151,9.810133933
502,0.537684668,4.772858172,-4.68415075,-0.429559294,0.832179457
503,0.700218301,4.493209134,-4.917087568,-0.420341142,6.501470008
504,0.971044159,5.717249918,-4.510580083,-0.488445949,11.0286144
505,0.696871223,5.173151711,-4.918937147,-0.408694071,4.362024707
506,0.570091025,5.140147164,-4.566656986,-0.461417727,0.722816094
507,0.527756961,4.701069359,-4.56568818,-0.41756718,0.774606391
508,0.413323176,4.396942691,-4.78475843,-0.426855029,-1.790769967
509,0.946646256,4.845266398,-4.903182745,-0.459245368,12.83702739
510,0.909564076,5.945571602,-4.501857617,-0.425078646,8.507328097
511,0.031029088,4.803313697,-4.79285648,-0.471435364,-14.48478327
512,0.216520956,5.116924872,-4.992800153,-0.434808192,-9.897186789
513,0.259562641,5.033798774,-4.673184004,-0.4083006,-8.289983949
514,0.2123631,4.545290219,-4.670682431,-0.444141091,-8.243528254
515,0.902619844,4.436587103,-4.585881145,-0.421967376,12.80946104
516,0.513983872,4.785787909,-4.540732455,-0.411271294,0.112878822
517,0.687647088,5.980390428,-4.784014329,-0.476068757,1.683831609
518,0.887711507,4.979132658,-4.698068891,-0.497845625,10.70454889
519,0.640583522,4.669179204,-4.800803162,-0.424291326,4.207378279
520,0.181627723,4.8844799,-4.60946446,-0.473809484,-10.17388184
521,0.190035078,5.181940997,-4.591937554,-0.431336426,-10.80629181
522,0.357372464,5.224994642,-4.905129763,-0.467069115,-5.981542875
523,0.355667441,5.913983303,-4.600168356,-0.435107634,-8.035471126
524,0.895349976,5.265572907,-4.999038136,-0.412089411,10.02276398
525,0.297381489,4.501225821,-4.961402958,-0.431063472,-5.617619717
526,0.121739381,5.462268056,-4.739209519,-0.458643026,-13.72832895
527,0.295358679,5.712939376,-4.555588362,-0.470540416,-9.236229466
528,0.077716606,4.667227632,-4.75357888,-0.457683043,-12.66666879
529,0.82842377,4.54942095,-4.542051661,-0.475591525,10.24848075
530,0.519103038,4.459840941,-4.734004525,-0.471019788,1.199665441
531,0.55847902,4.981276111,-4.850525259,-0.402172848,0.800219925
532,0.042845149,5.572322105,-4.571492529,-0.471490325,-16.39305938
533,0.098204916,4.839614697,-4.96422476,-0.448832514,-12.61042482
534,0.206112776,4.505711017,-4.634816618,-0.454012327,-8.306114323
535,0.951245536,5.734162699,-4.686705128,-0.419728428,10.35556413
536,0.676619864,4.688822868,-4.769769754,-0.493038413,5.228869522
537,0.720171531,5.571147471,-4.973245334,-0.451900289,3.851864427
538,0.873193103,5.61936217,-4.859776535,-0.492098173,8.316541454
539,0.271572703,4.644691822,-4.608598055,-0.491831044,-6.757797082
540,0.752874109,5.799791071,-4.937930433,-0.407689692,4.158495006
541,0.786900048,4.297183162,-4.773926624,-0.493136163,9.711353
542,0.532189745,5.902244972,-4.971318396,-0.413654796,-2.776671738
543,0.1616215,4.177226658,-4.835693716,-0.419659428,-8.692139667
544,0.47131743,5.697820948,-4.870592438,-0.459425772,-3.974001011
545,0.173046009,5.524322938,-4.589811685,-0.427390265,-12.34228992
546,0.372999848,4.74165924,-4.766456184,-0.415966772,-4.029870194
547,0.139073997,4.558808746,-4.707985043,-0.487571161,-10.49456044
548,0.649777618,4.690872139,-4.585897264,-0.468804961,4.456652175
549,0.748637027,4.821913505,-4.609843308,-0.445221114,7.026879531
550,0.214732832,5.785313389,-4.505589898,-0.413199069,-11.85639309
551,0.030252427,4.011392616,-4.604508316,-0.467408286,-12.09424754
552,0.78039894,4.618384594,-4.586415622,-0.412236891,8.598307596
553,0.40734873,4.946812619,-4.529398758,-0.420321152,-3.567887819
554,0.55824372,5.955646638,-4.917063332,-0.407886983,-2.143829676
555,0.134081048,5.750812716,-4.563447509,-0.476462258,-14.19034244
556,0.862722297,4.348098012,-4.520405885,-0.415387479,11.89175494
557,0.564348639,4.224453475,-4.886687404,-0.472233375,3.23253792
558,0.405160187,4.179986707,-4.921747288,-0.490727515,-1.418576706
559,0.304900807,4.018042053,-4.867268545,-0.468441248,-3.927399785
560,0.040220472,5.912687688,-4.7594649,-0.467809488,-17.53012284
561,0.435912387,5.581501814,-4.81953147,-0.452648752,-4.676304989
562,0.403369886,4.467622412,-4.793198241,-0.431197185,-2.303530031
563,0.043592947,5.166549163,-4.575461287,-0.450040027,-15.15195533
564,0.896987944,4.740803044,-4.57880145,-0.432801691,11.72818873
565,0.271516825,4.899996399,-4.90948475,-0.482632282,-7.584644611
566,0.093052136,5.269561093,-4.712286352,-0.402978615,-13.99987432
567,0.255449748,5.722615154,-4.91550491,-0.413453692,-10.52879936
568,0.747373372,4.564359578,-4.944484202,-0.422543507,7.696971243
569,0.389159982,4.600572137,-4.869741198,-0.430903772,-3.143955582
570,0.886170419,4.193363103,-4.923693026,-0.459971812,12.97428748
571,0.860219945,5.33278903,-4.879024842,-0.480462967,8.784380007
572,0.289844775,5.45311271,-4.542032463,-0.410034197,-8.613404798
573,0.676192662,5.486763471,-4.794404261,-0.473320425,2.819276565
574,0.848608069,4.974913999,-4.660880397,-0.480691006,9.553254878
575,0.217045537,5.340619382,-4.70821469,-0.456639177,-10.49779889
576,0.451102825,4.504817599,-4.733886892,-0.4705224,-0.975197668
577,0.913129527,5.250272393,-4.529975239,-0.418348226,10.69523875
578,0.232647125,5.337629058,-4.753443107,-0.40703306,-10.02486535
579,0.828348035,4.884345264,-4.586142018,-0.473182222,9.23285863
580,0.675504922,4.310595173,-4.708029809,-0.443051813,6.347451003
581,0.100412601,5.512004604,-4.873889973,-0.475696217,-14.54598339
582,0.335943267,5.082736404,-4.867165408,-0.48523269,-6.191867562
583,0.993888742,5.294534616,-4.637225894,-0.467119186,12.95890133
584,0.055382217,5.322488907,-4.82661907,-0.459676988,-15.31729174
585,0.841084252,4.147353201,-4.690618587,-0.450743792,11.80726987
586,0.41782757,4.24772213,-4.842811031,-0.413604762,-1.21826196
587,0.325000704,5.187496381,-4.621033618,-0.493140414,-6.785988778
588,0.037753164,4.66476316,-4.843031195,-0.493858661,-13.87968667
589,0.09451789,5.379026598,-4.963692495,-0.448971942,-14.33917878
590,0.316582749,5.553449841,-4.73999088,-0.452845954,-8.156149811
591,0.903305658,5.709761546,-4.935262012,-0.405930494,8.942239658
592,0.684665267,4.457914103,-4.585989106,-0.489720318,6.200045852
593,0.719182453,5.670240209,-4.793409972,-0.428239916,3.563246971
594,0.475928821,4.768798836,-4.514047192,-0.466243686,-0.977965688
595,0.05982764,4.807847442,-4.613651065,-0.482759872,-13.59971932
596,0.793709495,4.92021824,-4.799383486,-0.442929877,8.046460439
597,0.51347578,5.124798299,-4.962887322,-0.466710631,-1.009370034
598,0.968105902,4.666047323,-4.852221842,-0.425536929,14.03203704
599,0.794708944,5.449516437,-4.745389565,-0.485193787,6.495121706
600,0.51431274,4.128620078,-4.808794098,-0.478134483,2.03394971
601,0.23606462,4.720526453,-4.703879772,-0.441021131,-8.064518823
602,0.025797027,4.786513995,-4.706872122,-0.455464658,-14.57255207
603,0.623264045,4.342844188,-4.98141223,-0.420384654,4.63106786
604,0.363120919,5.107017316,-4.740502015,-0.480765448,-5.42360133
605,0.528033998,4.023612103,-4.920501442,-0.497509345,2.736332412
606,0.53344285,4.691274826,-4.91276359,-0.49135256,0.897773039
607,0.293531122,5.443379493,-4.769089075,-0.490234265,-8.527046065
608,0.152921074,5.628497382,-4.564320234,-0.49887997,-13.26061198
609,0.434502393,4.440188422,-4.922971698,-0.406614588,-1.310749269
610,0.509618589,5.286449218,-4.874864022,-0.490093982,-1.594772185
611,0.670347722,4.995466166,-4.582007057,-0.420064399,4.165625301
612,0.248771214,4.680938613,-4.971341316,-0.42782988,-7.616730672
613,0.066374639,5.749730751,-4.984712878,-0.497245335,-16.3046202
614,0.498490977,5.452863205,-4.830990202,-0.450614738,-2.415119815
615,0.157741429,4.410042381,-4.639458669,-0.472344939,-9.473010499
616,0.531780623,5.232366109,-4.523429008,-0.497047836,-0.698070222
617,0.039730164,5.376611124,-4.872477825,-0.475461835,-15.95997021
618,0.948236337,4.784727539,-4.693659619,-0.485117359,13.10566385
619,0.32817847,4.217436976,-4.88018682,-0.470385828,-3.830032766
620,0.640564283,5.319799773,-4.985777708,-0.422989247,2.21807469
621,0.198870166,4.884040084,-4.835822052,-0.426860054,-9.695865685
622,0.641425009,4.84184391,-4.538304813,-0.477935004,3.761764065
623,0.918265471,4.50528226,-4.582939428,-0.489397927,13.06658968
624,0.691843367,5.652998662,-4.843293723,-0.409689416,2.786677352
625,0.11853767,5.440671509,-4.636371436,-0.476141967,-13.74077292
626,0.111993398,5.450717667,-4.586891207,-0.476163333,-13.95734564
627,0.735479024,4.570322992,-4.516287872,-0.435605019,7.406583683
628,0.501079631,5.395000704,-4.821902604,-0.439437353,-2.16093744
629,0.100553946,4.089617336,-4.902714306,-0.41101184,-10.27387766
630,0.208528471,4.653665103,-4.700198519,-0.493620474,-8.694542923
631,0.977269283,5.363684648,-4.578276364,-0.431309457,12.26823832
632,0.49666157,5.870777389,-4.523093595,-0.448363154,-3.661940091
633,0.840066883,4.408028454,-4.787532112,-0.437011286,10.97671356
634,0.74894926,4.657075296,-4.873407786,-0.466628843,7.475907465
635,0.406910624,5.805934021,-4.904560042,-0.410632313,-6.232458597
636,0.927031102,5.114165609,-4.855526286,-0.406690227,11.45666197
637,0.692495049,5.342679042,-4.56762878,-0.408785185,3.792410082
638,0.886521669,4.180650474,-4.562016807,-0.481573354,13.09313796
639,0.539754352,4.748083463,-4.566920646,-0.428424336,0.992153624
640,0.992351487,4.658301123,-4.938832461,-0.486355507,14.7592392
641,0.012688058,4.059508095,-4.535243371,-0.495728543,-12.75450408
642,0.318408393,4.202168979,-4.688708954,-0.461624086,-4.038159334
643,0.982674262,4.762752551,-4.690609541,-0.404475629,14.21340074
644,0.920780256,4.723692917,-4.754373632,-0.408494635,12.46060475
645,0.125243039,5.671964591,-4.84196466,-0.481784872,-14.27517402
646,0.232819168,5.778709577,-4.691280555,-0.40786195,-11.33059599
647,0.258918271,4.265724768,-4.914395135,-0.450971948,-6.05760238
648,0.114450746,5.283700771,-4.915737757,-0.432498977,-13.44397737
649,0.177947088,4.451178119,-4.817290119,-0.432482277,-9.021827956
650,0.394830611,4.218393161,-4.571631913,-0.441695228,-1.768757074
651,0.633349779,5.799681806,-4.662496532,-0.48502937,0.620445716
652,0.874960309,4.120110919,-4.657071904,-0.415403291,12.9155218
653,0.600588534,5.080240878,-4.912711982,-0.412370787,1.753153914
654,0.011943839,4.41578324,-4.703672094,-0.413649487,-13.87113392
655,0.742464716,4.014871888,-4.897586576,-0.411791797,9.208629305
656,0.569238926,5.869806849,-4.659983313,-0.489197727,-1.513169215
657,0.387214437,4.348888057,-4.537646266,-0.407117012,-2.378472008
658,0.083399115,4.340252522,-4.873084267,-0.454304595,-11.53883144
659,0.473301876,4.805102906,-4.611565402,-0.481471993,-1.18671271
660,0.38426157,4.883713759,-4.983902102,-0.434858797,-4.163560489
661,0.280202753,4.288554395,-4.584399161,-0.440248985,-5.420485325
662,0.561794006,4.244816495,-4.728569667,-0.429909639,3.130665795
663,0.047273305,5.736676851,-4.662053651,-0.428587298,-16.76710086
664,0.956174081,5.642203418,-4.608708065,-0.468910357,10.78997954
665,0.658919339,4.138327338,-4.77731688,-0.481487365,6.348986045
666,0.297024318,4.599985333,-4.994005243,-0.477388423,-5.935766337
667,0.831687997,4.51753619,-4.917338351,-0.487503614,10.36581331
668,0.412951254,5.870748567,-4.632973274,-0.441573241,-6.194460068
669,0.612263756,5.005486006,-4.76034392,-0.458323188,2.353553551
670,0.986409047,4.000064431,-4.641199559,-0.49717153,16.61412106
671,0.772772127,5.204554766,-4.751239947,-0.406864503,6.578565081
672,0.484765244,4.661044284,-4.574891465,-0.445553769,-0.399709194
673,0.675487452,5.723990298,-4.511674467,-0.460540831,2.144263694
674,0.586378221,4.450989587,-4.9524884,-0.41113611,3.206766591
675,0.791974496,5.638066439,-4.522801399,-0.474122744,5.893063014
676,0.619607557,5.214725926,-4.511405711,-0.404852344,2.001282567
677,0.399468728,4.823709645,-4.816371033,-0.494298215,-3.499771119
678,0.696904199,4.003792351,-4.915056512,-0.420005907,7.87073703
679,0.377124954,4.510031371,-4.895035489,-0.449118493,-3.240264439
680,0.192892298,5.320860111,-4.879646461,-0.41485508,-11.1932262
681,0.543473261,5.020161724,-4.663114463,-0.483551261,0.262734655
682,0.918550149,4.897725176,-4.519101943,-0.420062919,11.91750225
683,0.372962624,4.916427713,-4.556424348,-0.47375922,-4.519065202
684,0.101252455,5.747484944,-4.820945073,-0.409361939,-15.21000638
685,0.180845999,4.72440678,-4.857491287,-0.422309849,-9.761569607
686,0.534198028,4.270527968,-4.558073488,-0.499908866,2.252751339
687,0.763055519,4.317741959,-4.865674595,-0.473885906,8.917916196
688,0.946725497,4.456501829,-4.898332907,-0.418146225,14.01077823
689,0.250839864,5.974213852,-4.904026399,-0.403520737,-11.41860299
690,0.617896619,5.146123183,-4.722373236,-0.469707561,2.107083626
691,0.317700443,5.095967632,-4.828953077,-0.464046239,-6.769084841
692,0.11202251,5.341444167,-4.50135842,-0.437460135,-13.60767489
693,0.216690905,5.600799707,-4.590631368,-0.450636192,-11.26486188
694,0.564698096,5.93295275,-4.888376441,-0.483004022,-1.88389105
695,0.239479309,5.711828006,-4.94914611,-0.461216429,-10.9870556
696,0.479834161,4.400175205,-4.923592238,-0.468564045,0.162924354
697,0.17855131,5.728030121,-4.873230052,-0.421167841,-12.84431384
698,0.227660947,4.250763049,-4.630893926,-0.4350178,-6.89214131
699,0.348440816,4.647918746,-4.689145015,-0.460874359,-4.474448203
700,0.113521799,4.345185314,-4.858569368,-0.43267798,-10.64488363
701,0.742834849,5.47735933,-4.700390168,-0.498100852,4.863079357
702,0.339215264,4.704528453,-4.858692235,-0.400638359,-4.948929728
703,0.249964459,5.492336473,-4.898646073,-0.480833386,-10.00588819
704,0.887578215,4.380795047,-4.885924705,-0.492628924,12.45851348
705,0.46321444,5.693661692,-4.894488926,-0.491476343,-4.212597298
706,0.960727293,5.224018967,-4.73269946,-0.493540346,12.15386796
707,0.02129339,4.463133073,-4.85295324,-0.476009572,-13.76878912
708,0.645656517,5.060638067,-4.799446888,-0.415623819,3.186329537
709,0.103312009,4.425871701,-4.896820058,-0.448575623,-11.2024764
710,0.437109251,4.871771516,-4.925947247,-0.429093234,-2.530135784
711,0.754244257,4.19181194,-4.508801714,-0.488529206,9.10127864
712,0.359957215,4.902920391,-4.716281704,-0.463249852,-4.899626056
713,0.357898831,5.939828208,-4.922488865,-0.411632853,-8.10818076
714,0.974514859,4.512896282,-4.706247248,-0.496475873,14.7058599
715,0.312197272,5.142646585,-4.682119444,-0.491567679,-7.047602248
716,0.220550218,5.654705411,-4.536295945,-0.414739615,-11.29634286
717,0.526958047,4.277245563,-4.905749116,-0.407020789,1.955152828
718,0.636232936,4.74615104,-4.586161992,-0.420325293,3.889270021
719,0.696585293,5.869053945,-4.924783454,-0.481898001,2.257250455
720,0.682602144,5.191616751,-4.515348167,-0.483131099,3.951831317
721,0.021512583,5.65463096,-4.653770111,-0.417928191,-17.29106224
722,0.861613512,5.890432261,-4.792550985,-0.469223936,7.171675987
723,0.359818175,4.88032209,-4.930964374,-0.481734385,-4.880787322
724,0.325981838,4.814454791,-4.50451176,-0.44533415,-5.609344994
725,0.761247457,5.52112091,-4.871539808,-0.441825353,5.255570497
726,0.368274038,5.884204065,-4.831527014,-0.42756377,-7.613452846
727,0.3592187,4.356332693,-4.949179382,-0.472663359,-3.329539291
728,0.070500464,5.304475031,-4.726780184,-0.462897634,-14.79005697
729,0.728970332,5.853916316,-4.629823478,-0.412109118,3.340185417
730,0.28563377,4.318911926,-4.695666566,-0.499832158,-5.376839197
731,0.161695892,5.487744564,-4.932882105,-0.444829251,-12.64341629
732,0.132981949,4.588013769,-4.743181903,-0.489100914,-10.77212931
733,0.829947247,5.484365942,-4.881267618,-0.403586332,7.428707419
734,0.571943465,4.551697636,-4.964208872,-0.46882476,2.463486798
735,0.70394859,4.681264328,-4.554285268,-0.452962858,6.118511369
736,0.9147634,4.327353827,-4.749493449,-0.424504484,13.46849137
737,0.07076581,5.652890025,-4.702549476,-0.484918268,-15.82469749
738,0.387910731,5.530958212,-4.980043393,-0.412309573,-5.992792337
739,0.117826321,5.47078543,-4.869030105,-0.415862011,-13.89295888
740,0.937675659,4.534428779,-4.711355965,-0.429306331,13.54178162
741,0.702520341,5.739170243,-4.649525864,-0.453108004,2.882883541
742,0.426696521,4.121203882,-4.699495377,-0.414213406,-0.544036444
743,0.692721365,4.091785527,-4.675142762,-0.470557037,7.524200126
744,0.657722374,4.205140808,-4.683950828,-0.474865867,6.131972032
745,0.204055545,4.260396637,-4.581705293,-0.440002866,-7.619864915
746,0.181595374,4.12141079,-4.908617025,-0.460045952,-7.944099159
747,0.922881108,5.617786513,-4.64701593,-0.412447276,9.862425773
748,0.784957341,4.018615479,-4.881531613,-0.495336434,10.46703382
749,0.328769935,4.880389486,-4.590734004,-0.476197436,-5.743836945
750,0.020634403,4.563882165,-4.917304246,-0.41593869,-14.09766912
751,0.324437488,4.62836451,-4.868798309,-0.442365792,-5.169965144
752,0.363557475,4.733351689,-4.988847968,-0.432400579,-4.334340462
753,0.203616979,4.696038602,-4.809463225,-0.435411557,-8.985040235
754,0.359560602,4.345905371,-4.790893572,-0.427817183,-3.251858499
755,0.615507291,5.541820214,-4.645001456,-0.495314617,0.861226342
756,0.845992076,4.026477668,-4.997338045,-0.441101015,12.25675157
757,0.988571553,4.276891982,-4.972030348,-0.424841031,15.78958046
758,0.797940011,4.251890699,-4.970771241,-0.484484356,10.13992555
759,0.802818627,4.191140149,-4.991780898,-0.455678731,10.4672143
760,0.051206282,5.4385189,-4.824648714,-0.459771131,-15.79027511
761,0.610942206,5.591893819,-4.824652433,-0.468965048,0.540757733
762,0.832402437,5.104350545,-4.531757912,-0.427752974,8.709894591
763,0.583696845,5.860596871,-4.952687461,-0.440889266,-1.105511691
764,0.234861069,5.382007999,-4.69557827,-0.436241508,-10.08293174
765,0.949234325,4.376803656,-4.617230467,-0.435510872,14.37962159
766,0.921775066,4.755011789,-4.650892859,-0.481654023,12.40987263
767,0.152924109,4.724725079,-4.559875716,-0.421434224,-10.54057054
768,0.434585442,5.97957822,-4.550796553,-0.435790561,-5.854909754
769,0.151109495,4.581621898,-4.82829239,-0.441104604,-10.22134977
770,0.943987593,4.760249846,-4.936326295,-0.445152106,13.00709778
771,0.722200255,4.120307328,-4.820918369,-0.453367384,8.295565264
772,0.890694047,5.800942644,-4.567681397,-0.470795976,8.357377615
773,0.147937512,4.414243172,-4.548145636,-0.404328854,-9.754666157
774,0.746217226,4.935352327,-4.878685333,-0.485313165,6.55619142
775,0.698971895,5.513135151,-4.644914607,-0.41809721,3.45895875
776,0.324279157,4.005219799,-4.965499429,-0.482375285,-3.328622111
777,0.027066407,4.900908086,-4.66393654,-0.413096536,-14.86482901
778,0.75508402,5.077167534,-4.622611333,-0.44627317,6.451868417
779,0.732443015,4.408045297,-4.90096852,-0.490495932,7.719911275
780,0.669727617,5.330839404,-4.732250979,-0.424697932,3.110390316
781,0.803209741,4.918078023,-4.605570485,-0.451379358,8.375806119
782,0.419947631,5.761194055,-4.50380623,-0.47898818,-5.633813291
783,0.183836083,4.632482713,-4.909742034,-0.464714402,-9.410785507
784,0.976957288,5.865152191,-4.681206281,-0.449545806,10.73206622
785,0.162028021,5.868351531,-4.808409624,-0.42640242,-13.74853612
786,0.712604136,5.069910325,-4.789502667,-0.452223157,5.165270266
787,0.591084727,5.830436359,-4.968537439,-0.488597314,-0.801334499
788,0.265942158,5.384403994,-4.762995753,-0.406471831,-9.168193573
789,0.935040305,5.633194089,-4.796109292,-0.432007172,10.14920431
790,0.64377233,5.529713183,-4.55244433,-0.404081656,1.773133315
791,0.36703493,4.296292624,-4.808653747,-0.439787342,-2.883539447
792,0.969869614,5.75321895,-4.950927981,-0.483749508,10.79787102
793,0.477732248,4.076281009,-4.729297671,-0.413041877,1.115960703
794,0.932385169,4.502828772,-4.589348207,-0.476610901,13.49753804
795,0.572937138,4.288751034,-4.783412993,-0.413403773,3.323838061
796,0.602973355,4.780479317,-4.670125473,-0.474292653,2.766308347
797,0.591362472,5.36900354,-4.735344611,-0.429304594,0.643864157
798,0.895382486,5.507781754,-4.61142133,-0.453269028,9.370518143
799,0.262640064,4.347140618,-4.500356666,-0.400897854,-6.10238105
800,0.137510149,4.847433821,-4.839658569,-0.459098298,-11.43083855
801,0.38794681,4.658366066,-4.506608649,-0.455453961,-3.283561023
802,0.946174396,5.141824136,-4.958680999,-0.424205844,11.92560267
803,0.70870087,5.348568644,-4.87849674,-0.412180614,4.198402744
804,0.24107163,5.020752277,-4.706148379,-0.474544863,-8.818792103
805,0.331292507,5.682027139,-4.807307135,-0.427691514,-8.111536773
806,0.224918961,4.294181466,-4.965567846,-0.44604461,-7.172693587
807,0.332713217,4.685731437,-4.743015404,-0.4580336,-5.070204238
808,0.760341199,4.626508071,-4.763399829,-0.407709425,7.937260857
809,0.517646395,5.036574493,-4.945352608,-0.40301621,-0.609703777
810,0.603312845,5.048395448,-4.909581782,-0.44583525,1.927699131
811,0.669641702,5.653261043,-4.816840512,-0.457845927,2.12031524
812,0.347396972,5.005201685,-4.733993035,-0.483215488,-5.588816064
813,0.646311831,5.843737893,-4.688072897,-0.430631796,0.877463504
814,0.373774678,4.796530442,-4.920991923,-0.470603738,-4.207609731
815,0.931092486,5.670455263,-4.867601761,-0.451529883,9.902735438
816,0.759079434,5.184156796,-4.503959225,-0.401017362,6.279019052
817,0.557889201,5.964870002,-4.542270045,-0.447786821,-2.111166673
818,0.789088034,4.145334454,-4.960545048,-0.465292317,10.19799943
819,0.76998176,4.533032009,-4.755349032,-0.489726429,8.500314321
820,0.156658537,4.967615178,-4.61352419,-0.499647217,-11.17575898
821,0.202096202,4.552344334,-4.652573522,-0.48998201,-8.573659848
822,0.681850926,4.379383492,-4.976425572,-0.475166511,6.274575547
823,0.223409048,5.54907404,-4.688311824,-0.458960021,-10.92850903
824,0.870407975,5.488221437,-4.784044428,-0.457108247,8.645055241
825,0.230563959,4.557439813,-4.745544589,-0.485539156,-7.753063495
826,0.791076264,4.36345397,-4.777545652,-0.452144802,9.641202399
827,0.809702778,4.586178819,-4.961107153,-0.454855121,9.494839933
828,0.412393003,5.818309966,-4.697948562,-0.490219857,-6.071751509
829,0.300264858,4.957609373,-4.640951871,-0.402204035,-6.833293152
830,0.1273189,4.681500623,-4.682126973,-0.459815456,-11.20734181
831,0.343099421,4.553087153,-4.714617059,-0.465381235,-4.355740373
832,0.467396155,4.089241777,-4.893412454,-0.403495636,0.735127268
833,0.231754306,4.945310174,-4.691551196,-0.491840266,-8.870795606
834,0.692957556,4.630206628,-4.656232042,-0.436536009,5.923206786
835,0.789691166,4.721316773,-4.907270367,-0.464766614,8.498853916
836,0.166145535,4.046721228,-4.853962706,-0.470208697,-8.173611055
837,0.753280189,5.626011276,-4.629458397,-0.475923133,4.746887857
838,0.656068132,5.174011545,-4.592787025,-0.495880276,3.191863895
839,0.198002841,5.250030842,-4.56944674,-0.450933209,-10.76898995
840,0.148673893,4.711254289,-4.846466235,-0.406091009,-10.68344842
841,0.930165034,5.562074927,-4.576902549,-0.445752785,10.25877046
842,0.606012735,4.470731719,-4.846988902,-0.461717865,3.752617316
843,0.156013568,5.742738686,-4.925895814,-0.418284568,-13.57481665
844,0.251377022,4.26152488,-4.713475295,-0.471973726,-6.233156419
845,0.686348366,4.521481484,-4.694473998,-0.459483292,6.041163406
846,0.267294652,5.715289638,-4.806414875,-0.405867106,-10.12889903
847,0.097319262,4.498922763,-4.820647649,-0.471851181,-11.58850509
848,0.96481239,4.118630465,-4.683656453,-0.42741707,15.60900732
849,0.173956085,4.985836205,-4.521579425,-0.423149631,-10.6854569
850,0.740243788,4.303303874,-4.614493186,-0.401178225,8.334385548
851,0.551900763,4.224013251,-4.826237488,-0.462192787,2.873516356
852,0.157615403,4.049718726,-4.67446876,-0.485264169,-8.404114266
853,0.992994237,4.936189194,-4.784253331,-0.425467797,13.9818621
854,0.671026364,5.731394214,-4.847967497,-0.444287617,1.922586027
855,0.638719268,5.910635797,-4.994406864,-0.483530245,0.38243624
856,0.945376171,5.094019515,-4.953950529,-0.475377539,12.04089873
857,0.73264026,4.79472403,-4.843138761,-0.494324426,6.576975521
858,0.098256235,5.745287195,-4.907598467,-0.491793289,-15.31887357
859,0.704385776,5.606499739,-4.907219104,-0.466811953,3.283949037
860,0.291597498,4.202388671,-4.650503887,-0.41399089,-4.830740938
861,0.767845561,5.370275917,-4.925924047,-0.435610038,5.895793262
862,0.115659681,5.706866623,-4.540753194,-0.447087895,-14.60366888
863,0.474641193,4.293311663,-4.972139143,-0.486652889,0.31620768
864,0.302440464,5.822486153,-4.80877154,-0.499762981,-9.405975133
865,0.494946724,4.001186851,-4.602309036,-0.467638784,1.877615493
866,0.596540598,4.253373571,-4.864463053,-0.444838747,4.118720755
867,0.41839112,5.070658312,-4.747627703,-0.431047644,-3.65287163
868,0.088739024,4.662834602,-4.722127294,-0.419579751,-12.31271652
869,0.455553984,5.905379544,-4.855053667,-0.482113608,-5.068741216
870,0.911422025,4.316047615,-4.615343569,-0.465132928,13.42493589
871,0.964874962,4.277361683,-4.701527145,-0.412005874,15.13265779
872,0.847487764,5.075452636,-4.983296737,-0.404764434,9.161139219
873,0.552121071,5.88885918,-4.952889236,-0.478173956,-2.141340661
874,0.135204083,4.83827229,-4.683673375,-0.456753194,-11.44110438
875,0.531865159,5.481556869,-4.677600234,-0.417468308,-1.465982721
876,0.678703091,5.165319487,-4.777382677,-0.444420666,3.865215658
877,0.123798485,5.261581505,-4.892417689,-0.421241608,-13.09139765
878,0.033577519,5.251732581,-4.988004347,-0.428472172,-15.78832025
879,0.257275811,4.681498044,-4.68782414,-0.425132843,-7.306297926
880,0.170257613,4.548349797,-4.704870042,-0.44432081,-9.52272708
881,0.759280802,4.931636888,-4.668335351,-0.431970409,7.006649274
882,0.749225595,4.534513162,-4.655223993,-0.455899664,7.896593599
883,0.954372346,5.043019346,-4.913756171,-0.443777333,12.47498337
884,0.330714287,4.651900274,-4.778451121,-0.468172244,-5.036779664
885,0.869305107,4.93272394,-4.611167547,-0.420619506,10.31668593
886,0.176906739,4.359430129,-4.925956334,-0.473940146,-8.803673492
887,0.652540997,4.093409845,-4.554602292,-0.450268333,6.340053087
888,0.531332671,5.099321919,-4.979249582,-0.431683926,-0.397003925
889,0.826255609,5.805121959,-4.535704777,-0.470473822,6.418114043
890,0.985050045,5.294949073,-4.664397155,-0.493813044,12.6843934
891,0.81226649,5.308429877,-4.716488547,-0.494461644,7.44996119
892,0.421260322,5.379861031,-4.73624481,-0.484197721,-4.497442167
893,0.365840917,4.248460919,-4.805909933,-0.439749131,-2.775312158
894,0.675634522,5.694555288,-4.919773297,-0.496438704,2.151771253
895,0.075694672,4.376927308,-4.597050532,-0.46454037,-11.82580592
896,0.58445223,4.001060922,-4.875709349,-0.486445374,4.506597723
897,0.049186036,4.274828798,-4.821625699,-0.448609467,-12.35809141
898,0.225296144,4.20088487,-4.906236175,-0.404059562,-6.865423481
899,0.218464946,5.623883465,-4.76592362,-0.498643747,-11.32075111
900,0.329034254,4.240475775,-4.854870497,-0.418312869,-3.863205082
901,0.340622369,4.524364567,-4.520139486,-0.413958406,-4.299846384
902,0.753520651,4.756414341,-4.73146632,-0.473292225,7.342754035
903,0.972863195,4.969770931,-4.54197895,-0.452492842,13.32293798
904,0.646330846,5.964281035,-4.801945142,-0.435686082,0.493124635
905,0.013151312,4.057669727,-4.766511113,-0.469624867,-12.77873454
906,0.539231353,5.457559913,-4.797405008,-0.452039946,-1.200424159
907,0.153668161,5.926281161,-4.931024429,-0.409783532,-14.19598189
908,0.997968633,5.20081029,-4.879381394,-0.414038366,13.31934802
909,0.482179971,4.871127635,-4.50315443,-0.426727612,-1.091287431
910,0.238917558,4.098344994,-4.682493083,-0.418369099,-6.105843761
911,0.253902896,4.713534289,-4.564955905,-0.450496011,-7.481556763
912,0.435590174,4.187899626,-4.721521064,-0.453701358,-0.485667994
913,0.524264647,4.341679531,-4.905091441,-0.403718598,1.681510682
914,0.195700916,5.634031016,-4.795586317,-0.458303766,-12.03601322
915,0.041602695,5.584640075,-4.729272443,-0.457837291,-16.4974776
916,0.340887701,4.123685913,-4.545976014,-0.422756304,-3.095897536
917,0.46989056,5.455189049,-4.702038567,-0.486769802,-3.257935034
918,0.377189279,4.969631262,-4.568129593,-0.433513561,-4.550192686
919,0.814162827,5.878097549,-4.969480996,-0.423166599,5.75437931
920,0.260254656,5.584608552,-4.830201154,-0.432718589,-9.95549807
921,0.593343167,4.115687849,-4.914606999,-0.415037569,4.428806301
922,0.503521228,4.33325336,-4.724656216,-0.431006798,1.11784483
923,0.802624979,4.020581094,-4.710282823,-0.414516937,11.03349783
924,0.036229935,4.686500474,-4.748422939,-0.411128089,-13.96340076
925,0.113365174,5.80915615,-4.848442417,-0.438772221,-15.04007894
926,0.986450549,5.403635691,-4.791766008,-0.410422481,12.38321395
927,0.426168879,5.04903698,-4.702123891,-0.413431758,-3.34381251
928,0.016463662,5.543226891,-4.8617912,-0.415397001,-17.14966877
929,0.123855172,4.340451503,-4.503084405,-0.409852569,-10.24730148
930,0.361659973,4.918295789,-4.789741035,-0.490685,-4.912104896
931,0.716735134,4.568354819,-4.906369075,-0.402808433,6.775434917
932,0.873671402,4.462434265,-4.990626805,-0.414436073,11.78327031
933,0.289098612,5.582711579,-4.881500272,-0.424479072,-9.093924329
934,0.64711222,4.117670054,-4.786050318,-0.499757864,6.053170578
935,0.976773965,4.644088632,-4.552934196,-0.473571311,14.41300909
936,0.544530171,4.674963748,-4.638169394,-0.446771958,1.338702824
937,0.970344654,4.10060079,-4.997115028,-0.426526238,15.76646161
938,0.87125581,5.998970492,-4.91660875,-0.426498225,7.11479125
939,0.455313678,4.441068313,-4.991311712,-0.433075038,-0.705364451
940,0.507563022,4.387894,-4.965377177,-0.49389098,1.020744111
941,0.090187066,5.543221188,-4.677402964,-0.412819837,-14.90081415
942,0.281421571,4.226542169,-4.786294551,-0.439693467,-5.238207641
943,0.606625405,4.89440406,-4.985571386,-0.497723527,2.468663344
944,0.119969064,4.86698647,-4.722140636,-0.416840485,-11.98799968
945,0.984485389,4.925464612,-4.617706279,-0.480547177,13.78657186
946,0.641262781,5.965143719,-4.7066362,-0.457347974,0.355390242
947,0.747326723,5.604280007,-4.662373192,-0.428524449,4.631634586
948,0.877958129,4.948588935,-4.549659382,-0.468813472,10.53616383
949,0.548956162,5.42531983,-4.69159289,-0.436730242,-0.78926624
950,0.216250566,5.701726762,-4.93685178,-0.43660676,-11.64869433
951,0.828088426,5.412115731,-4.990706741,-0.465828111,7.561581428
952,0.802431946,5.965100935,-4.66530717,-0.473116274,5.197282514
953,0.908927826,4.496667018,-4.563976352,-0.437109587,12.82132749
954,0.675334589,4.40418945,-4.924250041,-0.407180614,6.021901248
955,0.103848231,4.163154731,-4.896343605,-0.412983183,-10.3945843
956,0.347353247,4.624365599,-4.854584626,-0.40696672,-4.464112982
957,0.830776585,5.785602611,-4.705338629,-0.469246843,6.578497313
958,0.69436478,5.327223793,-4.592188173,-0.433541127,3.887480265
959,0.45541664,5.569138118,-4.644294592,-0.446490428,-4.018423119
960,0.415066338,4.610821178,-4.620765432,-0.415826902,-2.346209177
961,0.047924918,5.440297774,-4.978264534,-0.497127488,-15.92851144
962,0.392789548,5.74676479,-4.511724958,-0.473150602,-6.406267995
963,0.101197127,4.599169473,-4.850978508,-0.418623006,-11.7736526
964,0.282911953,5.477925417,-4.554397083,-0.400295092,-8.897326577
965,0.531988425,5.917503579,-4.573828449,-0.485264262,-2.756150093
966,0.106575611,4.745580704,-4.614768516,-0.413626336,-12.00379013
967,0.805913347,5.008430563,-4.637048626,-0.468508133,8.17784819
968,0.928324459,4.874122059,-4.682339535,-0.414910553,12.24940863
969,0.95271243,4.491394537,-4.733949528,-0.402815719,14.1201178
970,0.828213733,4.353727086,-4.751880522,-0.437023912,10.79115223
971,0.005198205,4.823571858,-4.80390611,-0.469978508,-15.32254849
972,0.001906725,4.719548944,-4.669100924,-0.480170944,-15.08328236
973,0.858186809,5.811324846,-4.880330094,-0.468271192,7.288736604
974,0.053696998,5.661952308,-4.716499214,-0.414517834,-16.3596986
975,0.134736583,4.331768521,-4.72782028,-0.48624042,-9.947396183
976,0.560843169,4.714989547,-4.611644257,-0.494540969,1.708543467
977,0.758150272,4.602388318,-4.683987337,-0.494927847,7.951052941
978,0.69557861,4.449916222,-4.961886784,-0.496365536,6.475595726
979,0.220161732,5.344422677,-4.610862475,-0.468804768,-10.39746904
980,0.900976414,4.064329628,-4.701147882,-0.404569241,13.85561704
981,0.786057133,5.638583365,-4.969345606,-0.463710442,5.625723735
982,0.675345018,5.346195516,-4.566455174,-0.451104406,3.263362529
983,0.732751614,4.083532201,-4.816406345,-0.425723722,8.726098187
984,0.129509831,4.8025082,-4.662231623,-0.464375608,-11.50111355
985,0.718903502,5.220341249,-4.859464825,-0.499603287,4.884228023
986,0.447036796,4.202663169,-4.71508571,-0.481342914,-0.188037062
987,0.393243005,4.88736855,-4.58987679,-0.404429427,-3.823233804
988,0.288865643,4.90063925,-4.97631524,-0.421337228,-7.073345225
989,0.16033294,5.602107745,-4.597424156,-0.473218389,-12.96314172
990,0.861795303,4.513540372,-4.917022075,-0.412180755,11.28861548
991,0.842122858,5.661120802,-4.790477314,-0.469556345,7.275272229
992,0.955103931,4.147118828,-4.821083397,-0.428019704,15.20474281
993,0.841023071,4.184104546,-4.629589235,-0.479476281,11.70451303
994,0.792627465,4.943180262,-4.853922614,-0.451050071,7.933393632
995,0.538260444,4.758917222,-4.655218952,-0.459372692,0.894080598
996,0.936062753,4.96839613,-4.930895866,-0.448755795,12.14563944
997,0.933241448,4.929771108,-4.706879593,-0.420263936,12.22452781
998,0.580289628,5.276364506,-4.947764668,-0.44310204,0.545732195
999,0.757198769,5.168891748,-4.973856963,-0.455938693,6.168922571
1000,0.248147273,4.282711086,-4.806305674,-0.439586253,-6.408934823